frequency,scholars,candidate_text,type,date,verified
2,Parry|Sherman,"l note, a title-page claim, or a defensive letter may carry political and intellectual weight beyond it",,,
2,Parry|Sherman,"claims, or accusations of conjuring sees another. The value of this chapter is that it keeps those versions i",,,
2,Parry|Sherman,be used as an interpretive guide rather than as a replacement for Dee's own texts. It helps explain why a diary ent,,,
2,Parry|Sherman,"authority, or protection.

The chapter also helps explain why Dee's career has invited such different interpret",,,
2,Parry|Sherman,"ith traces: surviving books, damaged reputations, printed claims, hostile reports, visual diagrams, annotations, a",,,
2,Parry|Sherman,"they mattered.

Finally, the chapter belongs to a larger scholarly correction. Dee was not only a thinker with doctr",,,
2,Parry|Sherman,"tion, letter, printed preface, imperial memorial, or angelic action mattered in its original setting.

The cha",,,
2,Parry|Sherman,", and patronage repeatedly overlap. The scholarly value of the chapter lies in showing one route through tha",,,
2,Parry|Sherman,"ed reputation into bids for patronage, authority, or protection.

The chapter also helps explain why Dee's career",,,
2,Parry|Sherman,"one Dee; a historian who begins with annotations, court papers, alchemical claims, or accusations of conjuring s",,,
2,Parry|Sherman,"ged reputations, printed claims, hostile reports, visual diagrams, annotations, and documents produced for patrons.",,,
2,Parry|Sherman,"The summary also marks the limits of certainty. Dee scholarship often works with traces: surviving books, damaged",,,
2,Parry|Sherman,"t decorative; they show how Dee converted reading into counsel, counsel into manuscript or print, and learned re",,,
2,Parry|Sherman,"an as a replacement for Dee's own texts. It helps explain why a diary entry, marginal annotation, letter, print",,,
2,Parry|Sherman,"ehold practice, and patronage repeatedly overlap. The scholarly value of the chapter lies in showing one route th",,,
2,Parry|Sherman,"those versions in contact.

For site navigation, the chapter can be used as a bridge between individual record",,,
2,Parry|Sherman,"h that overlap.

A close reading should therefore track the chapter's movement between argument and evidence.",,,
2,Parry|Sherman,"chapter grounds its claims in books, annotations, manuscript projects, patrons, institutions, confessional pressures, o",,,
2,Parry|Sherman,n learned networks. That social motion is part of the intellectual history.,,,
2,Parry|Sherman,"important historical details are not decorative; they show how Dee converted reading into counsel, counsel i",,,
2,Parry|Sherman,"notice, a marginal note, a title-page claim, or a defensive letter may carry political and intellectual weight beyon",,,
2,Parry|Sherman,"ions, confessional pressures, or court politics.

For the larger John Dee corpus, the chapter's key terms a",,,
2,Parry|Sherman,European learned networks. That social motion is part of the intellectual history.,,,
2,Parry|Sherman,"se they show where the chapter grounds its claims in books, annotations, manuscript projects, patrons, insti",,,
2,Parry|Sherman,"ing it alongside the Dee primary-source summaries is that it explains how a particular archive, practice, o",,,
2,Parry|Sherman,through Dee scholarship: Dee's intellectual life cannot be divided neatly into modern compartments. Bibliogr,,,
2,Parry|Sherman,". It asks what sort of evidence historians should privilege when Dee appears as reader, writer, political client,",,,
2,Parry|Sherman,"etter may carry political and intellectual weight beyond its immediate wording.

The summary also marks the li",,,
2,Parry|Sherman,"ese arguments are strongest when they explain how those traces were produced and why they mattered.

Finally, th",,,
2,Parry|Sherman,chapter belongs to a larger scholarly correction. Dee was not only a thinker with doctrines; he was a pract,,,
2,Parry|Sherman,lose reading should therefore track the chapter's movement between argument and evidence. The important historical d,,,
2,Parry|Sherman,"uld privilege when Dee appears as reader, writer, political client, occult philosopher, imperial projector, courtier",,,
2,Parry|Sherman,"rtainty. Dee scholarship often works with traces: surviving books, damaged reputations, printed claims, hostile rep",,,
2,Parry|Sherman,"ey explain how those traces were produced and why they mattered.

Finally, the chapter belongs to a larger schola",,,
2,Parry|Sherman,"rather than as a replacement for Dee's own texts. It helps explain why a diary entry, marginal annotation, l",,,
2,Parry|Sherman,"to bids for patronage, authority, or protection.

The chapter also helps explain why Dee's career has invited s",,,
2,Parry|Sherman,"Dee converted reading into counsel, counsel into manuscript or print, and learned reputation into bids for patro",,,
2,Parry|Sherman,"raphical narrative. It asks what sort of evidence historians should privilege when Dee appears as reader, writer, pol",,,
2,Parry|Sherman,accusations of conjuring sees another. The value of this chapter is that it keeps those versions in contac,,,
2,Parry|Sherman,"they show how Dee converted reading into counsel, counsel into manuscript or print, and learned reputation into",,,
2,Parry|Sherman,"torian who begins with annotations, court papers, alchemical claims, or accusations of conjuring sees another. The va",,,
2,Parry|Sherman,"uced and why they mattered.

Finally, the chapter belongs to a larger scholarly correction. Dee was not only a",,,
2,Parry|Sherman,er should be used as an interpretive guide rather than as a replacement for Dee's own texts. It helps expla,,,
2,Parry|Sherman,"when they explain how those traces were produced and why they mattered.

Finally, the chapter belongs to a",,,
2,Parry|Sherman,"cal details are not decorative; they show how Dee converted reading into counsel, counsel into manuscript or print, a",,,
2,Parry|Sherman,"ry, marginal annotation, letter, printed preface, imperial memorial, or angelic action mattered in its original setti",,,
2,Parry|Sherman,"ve readers a practical map for moving between the scholarly interpretation and the primary-source pages on this site.

Use t",,,
2,Parry|Sherman,e chapter also helps explain why Dee's career has invited such different interpretations. A historian who begins,,,
2,Parry|Sherman,"ins with printed scientific works sees one Dee; a historian who begins with annotations, court papers, alchemical",,,
2,Parry|Sherman,e chapter also clarifies a methodological problem that runs through Dee scholarship: Dee's intellectual life,,,
2,Parry|Sherman,"ement for Dee's own texts. It helps explain why a diary entry, marginal annotation, letter, printed preface, im",,,
2,Parry|Sherman,"nd its immediate wording.

The summary also marks the limits of certainty. Dee scholarship often works with tr",,,
2,Parry|Sherman,"on mattered in its original setting.

The chapter also clarifies a methodological problem that runs through Dee sc",,,
2,Parry|Sherman,"tutions, households, libraries, courts, churches, and European learned networks. That social motion is part of t",,,
2,Parry|Sherman,"The point of reading it alongside the Dee primary-source summaries is that it explains how a particular archive, pra",,,
2,Parry|Sherman,"ce, imperial memorial, or angelic action mattered in its original setting.

The chapter also clarifies a m",,,
2,Parry|Sherman,oduced for patrons. These arguments are strongest when they explain how those traces were produced and why th,,,
2,Parry|Sherman,"ian who begins with printed scientific works sees one Dee; a historian who begins with annotations, court p",,,
2,Parry|Sherman,"juring sees another. The value of this chapter is that it keeps those versions in contact.

For site naviga",,,
2,Parry|Sherman,"ressures, or court politics.

For the larger John Dee corpus, the chapter's key terms are General and Rare Mem",,,
2,Parry|Sherman,"ence historians should privilege when Dee appears as reader, writer, political client, occult philosopher, im",,,
2,Parry|Sherman,"r, printed preface, imperial memorial, or angelic action mattered in its original setting.

The chapter also clarif",,,
2,Parry|Sherman,"so marks the limits of certainty. Dee scholarship often works with traces: surviving books, damaged reputations",,,
2,Parry|Sherman,"longside the Dee primary-source summaries is that it explains how a particular archive, practice, or political",,,
2,Parry|Sherman,"ctice, or political situation changes the meaning of Dee's career.

The historiographical issue is that it",,,
2,Parry|Sherman,"limits of certainty. Dee scholarship often works with traces: surviving books, damaged reputations, printed cl",,,
2,Parry|Sherman,"er, writer, political client, occult philosopher, imperial projector, courtier, or suspected conjuror.

The chapter tr",,,
2,Parry|Sherman,a larger scholarly correction. Dee was not only a thinker with doctrines; he was a practitioner moving through i,,,
2,Parry|Sherman,"eholds, libraries, courts, churches, and European learned networks. That social motion is part of the intellectual h",,,
2,Parry|Sherman,"The value of this chapter is that it keeps those versions in contact.

For site navigation, the chapter can be",,,
2,Parry|Sherman,"el, counsel into manuscript or print, and learned reputation into bids for patronage, authority, or protection.

Th",,,
2,Parry|Sherman,"ames and terms matter because they show where the chapter grounds its claims in books, annotations, manuscript proj",,,
2,Parry|Sherman,herefore not just biographical narrative. It asks what sort of evidence historians should privilege when Dee,,,
2,Parry|Sherman,ans the chapter should be used as an interpretive guide rather than as a replacement for Dee's own texts. It hel,,,
2,Parry|Sherman,"nker with doctrines; he was a practitioner moving through institutions, households, libraries, courts, churches, and Eur",,,
2,Parry|Sherman,"ee scholarship: Dee's intellectual life cannot be divided neatly into modern compartments. Bibliography, politics,",,,
2,Parry|Sherman,"tedly overlap. The scholarly value of the chapter lies in showing one route through that overlap.

A close",,,
2,Parry|Sherman,"p for moving between the scholarly interpretation and the primary-source pages on this site.

Use this chap",,,
2,Parry|Sherman,ter is therefore not just biographical narrative. It asks what sort of evidence historians should privilege,,,
2,Parry|Sherman,"orts, visual diagrams, annotations, and documents produced for patrons. These arguments are strongest when they",,,
2,Parry|Sherman,"ed scientific works sees one Dee; a historian who begins with annotations, court papers, alchemical claims, or",,,
2,Parry|Sherman,"larship often works with traces: surviving books, damaged reputations, printed claims, hostile reports, visual diagrams",,,
2,Parry|Sherman,"chemy, angelic communication, household practice, and patronage repeatedly overlap. The scholarly value of the ch",,,
2,Parry|Sherman,"contact.

For site navigation, the chapter can be used as a bridge between individual records. It gives con",,,
2,Parry|Sherman,"im, or a defensive letter may carry political and intellectual weight beyond its immediate wording.

The summary also m",,,
2,Parry|Sherman,d such different interpretations. A historian who begins with printed scientific works sees one Dee; a historia,,,
2,Parry|Sherman,ld therefore track the chapter's movement between argument and evidence. The important historical details are no,,,
2,Parry|Sherman,"'s own texts. It helps explain why a diary entry, marginal annotation, letter, printed preface, imperial memorial, or a",,,
2,Parry|Sherman,"rimary-source summaries is that it explains how a particular archive, practice, or political situation changes the mea",,,
2,Parry|Sherman,"ions, manuscript projects, patrons, institutions, confessional pressures, or court politics.

For the larger John Dee corp",,,
2,Parry|Sherman,"nfessional pressures, or court politics.

For the larger John Dee corpus, the chapter's key terms are General a",,,
2,Parry|Sherman,belongs to a larger scholarly correction. Dee was not only a thinker with doctrines; he was a practitioner m,,,
2,Parry|Sherman,rent interpretations. A historian who begins with printed scientific works sees one Dee; a historian who begins with a,,,
2,Parry|Sherman,eer has invited such different interpretations. A historian who begins with printed scientific works sees one Dee,,,
2,Parry|Sherman,"ith annotations, court papers, alchemical claims, or accusations of conjuring sees another. The value of this chap",,,
2,Parry|Sherman,"as a bridge between individual records. It gives context for why a short diary notice, a marginal note, a titl",,,
2,Parry|Sherman,"rches, and European learned networks. That social motion is part of the intellectual history.",,,
2,Parry|Sherman,"tive guide rather than as a replacement for Dee's own texts. It helps explain why a diary entry, marginal ann",,,
2,Parry|Sherman,"ions of conjuring sees another. The value of this chapter is that it keeps those versions in contact.

For sit",,,
2,Parry|Sherman,"s, alchemical claims, or accusations of conjuring sees another. The value of this chapter is that it keeps those",,,
2,Parry|Sherman,"l note, a title-page claim, or a defensive letter may carry political and intellectual weight beyond its imme",,,
2,Parry|Sherman,"atics, astrology, alchemy, angelic communication, household practice, and patronage repeatedly overlap. The scholarly",,,
2,Parry|Sherman,also clarifies a methodological problem that runs through Dee scholarship: Dee's intellectual life cannot be di,,,
2,Parry|Sherman,"historical details are not decorative; they show how Dee converted reading into counsel, counsel into manu",,,
2,Parry|Sherman,ronage repeatedly overlap. The scholarly value of the chapter lies in showing one route through that overlap.,,,
2,Parry|Sherman,"archive, practice, or political situation changes the meaning of Dee's career.

The historiographical issue is",,,
2,Parry|Sherman,"arry political and intellectual weight beyond its immediate wording.

The summary also marks the limits of certainty.",,,
2,Parry|Sherman,chapter's movement between argument and evidence. The important historical details are not decorative; they show,,,
2,Parry|Sherman,"n why a diary entry, marginal annotation, letter, printed preface, imperial memorial, or angelic action mattered in",,,
2,Parry|Sherman,"n be used as a bridge between individual records. It gives context for why a short diary notice, a marginal",,,
2,Parry|Sherman,"en individual records. It gives context for why a short diary notice, a marginal note, a title-page claim, or a",,,
2,Parry|Sherman,"weight beyond its immediate wording.

The summary also marks the limits of certainty. Dee scholarship often wo",,,
2,Parry|Sherman,"tion, the chapter can be used as a bridge between individual records. It gives context for why a short diary notice, a",,,
2,Parry|Sherman,"ction. Dee was not only a thinker with doctrines; he was a practitioner moving through institutions, house",,,
2,Parry|Sherman,o helps explain why Dee's career has invited such different interpretations. A historian who begins with printed scientific w,,,
2,Parry|Sherman,"pter is that it keeps those versions in contact.

For site navigation, the chapter can be used as a bridge b",,,
2,Parry|Sherman,"one route through that overlap.

A close reading should therefore track the chapter's movement between argument and",,,
2,Parry|Sherman,"diate wording.

The summary also marks the limits of certainty. Dee scholarship often works with traces: survivi",,,
2,Parry|Sherman,"ies in showing one route through that overlap.

A close reading should therefore track the chapter's movement bet",,,
2,Parry|Sherman,"s. A historian who begins with printed scientific works sees one Dee; a historian who begins with annotations,",,,
2,Parry|Sherman,"ees another. The value of this chapter is that it keeps those versions in contact.

For site navigation, the ch",,,
2,Parry|Sherman,"Dee's intellectual life cannot be divided neatly into modern compartments. Bibliography, politics, empire, mat",,,
2,Parry|Sherman,", court papers, alchemical claims, or accusations of conjuring sees another. The value of this chapter is that i",,,
2,Parry|Sherman,"s, hostile reports, visual diagrams, annotations, and documents produced for patrons. These arguments are stronge",,,
2,Parry|Sherman,"communication, household practice, and patronage repeatedly overlap. The scholarly value of the chapter lies in showi",,,
2,Parry|Sherman,"ons in contact.

For site navigation, the chapter can be used as a bridge between individual records. It g",,,
2,Parry|Sherman,"olitics, empire, mathematics, astrology, alchemy, angelic communication, household practice, and patronage repeatedly ove",,,
2,Parry|Sherman,"g into counsel, counsel into manuscript or print, and learned reputation into bids for patronage, authority, or",,,
2,Parry|Sherman,"erial memorial, or angelic action mattered in its original setting.

The chapter also clarifies a methodological pro",,,
2,Parry|Sherman,"manuscript or print, and learned reputation into bids for patronage, authority, or protection.

The chapter",,,
2,Parry,"transmutation.

Alchemy appears as a field where natural philosophy, wealth, medicine, and sovereignty meet.

The Mar",,,
2,Parry|Sherman,"e was not only a thinker with doctrines; he was a practitioner moving through institutions, households, libraries, cour",,,
2,Parry|Sherman,"courts, churches, and European learned networks. That social motion is part of the intellectual history.",,,
2,Parry|Sherman,"Dee appears as reader, writer, political client, occult philosopher, imperial projector, courtier, or suspected conju",,,
2,Parry|Sherman,"iving books, damaged reputations, printed claims, hostile reports, visual diagrams, annotations, and documents prod",,,
2,Parry|Sherman,"For site navigation, the chapter can be used as a bridge between individual records. It gives context for why a sh",,,
2,Parry|Sherman,"es were produced and why they mattered.

Finally, the chapter belongs to a larger scholarly correction. Dee was",,,
2,Parry|Sherman,ot just biographical narrative. It asks what sort of evidence historians should privilege when Dee appears as r,,,
2,Parry|Sherman,"are strongest when they explain how those traces were produced and why they mattered.

Finally, the chapter belo",,,
2,Parry|Sherman,"erlap. The scholarly value of the chapter lies in showing one route through that overlap.

A close reading shou",,,
2,Parry|Sherman,"angelic action mattered in its original setting.

The chapter also clarifies a methodological problem that runs",,,
2,Parry|Sherman,"sort of evidence historians should privilege when Dee appears as reader, writer, political client, occult philo",,,
2,Parry|Sherman,"of the chapter lies in showing one route through that overlap.

A close reading should therefore track the chap",,,
2,Parry|Sherman,"atter because they show where the chapter grounds its claims in books, annotations, manuscript projects, patro",,,
2,Parry|Sherman,d documents produced for patrons. These arguments are strongest when they explain how those traces were produced,,,
2,Parry|Sherman,ment between argument and evidence. The important historical details are not decorative; they show how Dee converted r,,,
2,Parry|Sherman,patrons. These arguments are strongest when they explain how those traces were produced and why they mattered.,,,
2,Parry|Sherman,nt and evidence. The important historical details are not decorative; they show how Dee converted reading i,,,
2,Parry|Sherman,"ntellectual weight beyond its immediate wording.

The summary also marks the limits of certainty. Dee scholarsh",,,
2,Parry|Sherman,"s, patrons, institutions, confessional pressures, or court politics.

For the larger John Dee corpus, the ch",,,
2,Parry|Sherman,"annotations, and documents produced for patrons. These arguments are strongest when they explain how those traces",,,
2,Parry|Sherman,"cholarly value of the chapter lies in showing one route through that overlap.

A close reading should therefore t",,,
2,Parry|Sherman,"ection.

The chapter also helps explain why Dee's career has invited such different interpretations. A histori",,,
2,Parry|Sherman,"t it explains how a particular archive, practice, or political situation changes the meaning of Dee's career.

T",,,
2,Parry|Sherman,"s original setting.

The chapter also clarifies a methodological problem that runs through Dee scholarship: Dee's intellec",,,
2,Parry|Sherman,"how a particular archive, practice, or political situation changes the meaning of Dee's career.

The historiographic",,,
2,Parry|Sherman,"It gives context for why a short diary notice, a marginal note, a title-page claim, or a defensive letter may ca",,,
2,Parry|Sherman,"title-page claim, or a defensive letter may carry political and intellectual weight beyond its immediate wording.",,,
2,Parry|Sherman,problem that runs through Dee scholarship: Dee's intellectual life cannot be divided neatly into modern compartments,,,
2,Parry|Sherman,"hy a short diary notice, a marginal note, a title-page claim, or a defensive letter may carry political and in",,,
2,Parry|Sherman,"patronage, authority, or protection.

The chapter also helps explain why Dee's career has invited such differe",,,
2,Parry|Sherman,"Dee appears as reader, writer, political client, occult philosopher, imperial projector, courtier, or sus",,,
2,Parry|Sherman,"nts. Bibliography, politics, empire, mathematics, astrology, alchemy, angelic communication, household practi",,,
2,Parry|Sherman,"graphy, politics, empire, mathematics, astrology, alchemy, angelic communication, household practice, and p",,,
2,Parry|Sherman,"ern compartments. Bibliography, politics, empire, mathematics, astrology, alchemy, angelic communication, house",,,
2,Parry,"Dee among European mathematical practitioners and instrument-makers.

Astrology is not treated as mere superst",,,
2,Parry|Sherman,"hat it keeps those versions in contact.

For site navigation, the chapter can be used as a bridge between indi",,,
2,Parry,"rophetic politics.

Laski becomes both patron and instrument of larger expectations.

Parry stresses the apoca",,,
2,Parry|Sherman,"diary entry, marginal annotation, letter, printed preface, imperial memorial, or angelic action mattered in",,,
2,Parry|Sherman,"pt or print, and learned reputation into bids for patronage, authority, or protection.

The chapter also help",,,
2,Parry|Sherman,"el, counsel into manuscript or print, and learned reputation into bids for patronage, authority, or protection",,,
2,Parry|Sherman,"y, angelic communication, household practice, and patronage repeatedly overlap. The scholarly value of the ch",,,
2,Harkness,n. Places alchemy and Paracelsian medicine within natural philosophy; argues Dee?s alchemy is restorative and eschatol,,,
1,Parry,"exts as layered documents whose political surface may carry alchemical meanings.

This makes Dee's mari",,,
1,Parry,toriographical issue is that it reads empire as a historical and magical recovery project. The chapter is therefor,,,
1,Parry,"conjuror.

The chapter marks the transition from English court hopes to continental prophetic politics.

Laski b",,,
1,Parry,icion; counsel. They give readers a practical map for moving between the scholarly interpretation and the prim,,,
1,Parry,"oncerns, and political caution narrowed the space for Dee's claims.

Parry shows that Dee's difficulties we",,,
1,Parry,"ce as institutionally useful to monarchy, reform, and national power. The point of reading it alongside the Dee",,,
1,Parry,"conjuror.

The chapter presents Dee's ambition to convert private expertise into a royal occult-intellectual instit",,,
1,Parry,"ovation.

Parry stresses Dee's use of ancient and legendary materials to authorize maritime claims.

Imperial planning",,,
1,Parry,"rial projector, courtier, or suspected conjuror.

The chapter locates Dee among European mathematical practitio",,,
1,Parry,r career Rehabilitating The Arch-Conjuror belongs to Glyn Parry's The Arch-Conjuror of England: John Dee. T,,,
1,Parry,n Parry's The Arch-Conjuror of England: John Dee. The chapter's governing argument is: Parry interprets Laski's,,,
1,Parry,earned utility. They give readers a practical map for moving between the scholarly interpretation and the prim,,,
1,Parry,"Arch-Conjuror of England: John Dee. The chapter's governing argument is: Parry examines occult threats, protective cou",,,
1,Parry,sopher's Stone and Empire belongs to Glyn Parry's The Arch-Conjuror of England: John Dee. The chapter's gove,,,
1,Parry,"or, courtier, or suspected conjuror.

The chapter shows that alchemical claims were contested inside networks",,,
1,Parry,"Dee in networks of alchemical search, patronage, and experimental hope around the philosopher's stone. The point of",,,
1,Parry,European learned networks. That social motion is part of the intellectual history. Parry places Dee in net,,,
1,Parry,European learned networks. That social motion is part of the intellectual history. Parry interprets Laski',,,
1,Parry,ound these local coordinates: alchemy; Elizabeth; Kelley; Laski; Rudolf; Monas; calendar; empire; Catholic,,,
1,Parry,dolf II; patronage; Trebona; philosopher's stone. They give readers a practical map for moving between the sc,,,
1,Parry,"religious and political culture made it useful.

The Markdown chunks for this section repeatedly foreground the",,,
1,Parry,ngs to Glyn Parry's The Arch-Conjuror of England: John Dee. The chapter's governing argument is: Parry trace,,,
1,Parry,"nfessional pressures, or court politics.

For the larger John Dee corpus, the chapter's key terms are Elizabeth",,,
1,Parry,"ee's ambition to convert private expertise into a royal occult-intellectual institution.

Parry emphasizes Dee's",,,
1,Parry,ation. it links Dee's angelic project to dynastic ambition and eschatological politics Called to a King's Office,,,
1,Parry,own chunks for this section repeatedly foreground these local coordinates: alchemy; Elizabeth; Cecil; conjuring,,,
1,Parry,"the politics of invasion fear.

Occult knowledge could be associated with foreign plots or protective count",,,
1,Parry,f the intellectual history. Parry argues that Dee imagined learned occult practice as institutionally useful to mona,,,
1,Parry,"rches, and European learned networks. That social motion is part of the intellectual history. Parry places De",,,
1,Parry,"ective counsel, and the politics of defending the queen from magical danger. The point of reading it alongside",,,
1,Parry,hemical and occult ambitions within political and navigational language. The point of reading it alongside the Dee primar,,,
1,Parry,winking eye of Achitophel belongs to Glyn Parry's The Arch-Conjuror of England: John Dee. The chapter's gove,,,
1,Parry,ambridge; Reformation; magic. They give readers a practical map for moving between the scholarly interpretation a,,,
1,Parry,"ll to ambition, showing how mathematical learning offered access to courtly and political worlds.

The Markdown ch",,,
1,Parry,"rches, and European learned networks. That social motion is part of the intellectual history. Parry interpret",,,
1,Parry,"power, including suspicion, imprisonment, and the political danger of prognostication. it shows how magical expertis",,,
1,Parry,hapter's key terms are Achitophel; court faction; Leicester; Hatton; suspicion; counsel. They give readers a,,,
1,Parry,"The chapter emphasizes the political volatility of forecasting and occult consultation.

Dee's skill in calculat",,,
1,Parry,"ressures, or court politics.

For the larger John Dee corpus, the chapter's key terms are exorcism; demonology",,,
1,Parry,"chemist and the shifting balance of power between Kelley, Dee, and patrons. The point of reading it alongs",,,
1,Parry,"ocial motion is part of the intellectual history. Parry places Dee in networks of alchemical search, patronage,",,,
1,Parry,"terests to elite fascination with transmutation.

Alchemy appears as a field where natural philosophy, wealth, medi",,,
1,Parry,ocial motion is part of the intellectual history. Parry connects Dee's imperial vision to recovery of ancient Brit,,,
1,Parry,in usefulness after suspicion and disappointment. it shows self-defense as a central practice in Dee's later,,,
1,Parry,s are royal service; institute; monarchy; reform; Elizabeth; learned utility. They give readers a practical m,,,
1,Parry,The chapter's governing argument is: Parry argues that Dee's imperial writings hide alchemical and occult am,,,
1,Parry,"an spoken.

Parry reads imperial texts as layered documents whose political surface may carry alchemical meanings.",,,
1,Parry,years of Elizabeth's reign. The point of reading it alongside the Dee primary-source summaries is that it expla,,,
1,Parry,"r, or suspected conjuror.

The chapter emphasizes Kelley's role as indispensable seer and unstable collabo",,,
1,Parry,"it useful.

The Markdown chunks for this section repeatedly foreground these local coordinates: alchemy; Elizabeth; Ceci",,,
1,Parry,n Parry's The Arch-Conjuror of England: John Dee. The chapter's governing argument is: Parry connects Dee's imp,,,
1,Parry,ocial motion is part of the intellectual history. Parry traces Dee's growing public reputation as a conjuror and,,,
1,Parry,"consultation.

Dee's skill in calculating futures could attract patrons while also exposing him to accusations of",,,
1,Parry,n Parry's The Arch-Conjuror of England: John Dee. The chapter's governing argument is: Parry argues that Dee's,,,
1,Parry,"kingship, and apocalyptic expectation. The point of reading it alongside the Dee primary-source summaries is",,,
1,Parry,"rial projector, courtier, or suspected conjuror.

The chapter shows that alchemical claims were contested insid",,,
1,Parry,that it places magic inside security politics and confessional fear. The chapter is therefore not just biographical n,,,
1,Parry,d: John Dee. The chapter's governing argument is: Parry opens Dee's life inside a late medieval and Reformation,,,
1,Parry,ment. it shows self-defense as a central practice in Dee's later career Rehabilitating The Arch-Conjuror b,,,
1,Parry,Arch-Conjuror of England: John Dee. The chapter's governing argument is: Parry argues that Dee imagined learned occult,,,
1,Parry,"Kelley's prestige rises, Dee's dependence becomes more precarious.

Parry uses this shift to explain both the attra",,,
1,Parry,and intellectual opposition to magical practice. The point of reading it alongside the Dee primary-source su,,,
1,Parry,"races Kelley's rise as alchemist and the shifting balance of power between Kelley, Dee, and patrons. The point",,,
1,Parry,"prophecy, kingship, and apocalyptic expectation. The point of reading it alongside the Dee primary-source su",,,
1,Parry,n calculating futures could attract patrons while also exposing him to accusations of conjuration or treasonous i,,,
1,Parry,European learned networks. That social motion is part of the intellectual history. Parry reads the Monas H,,,
1,Parry,"erprets Dee's Manchester appointment as a form of marginalization as well as employment. it makes exile, office, and r",,,
1,Parry,to manage reputation and regain usefulness after suspicion and disappointment. The point of reading it alongside,,,
1,Parry,es. it emphasizes the interpretive instability of court politics The winking eye of Achitophel belongs to Glyn Par,,,
1,Parry,s how reputation itself became a historical force in Dee's life. The chapter is therefore not just biograp,,,
1,Parry,"c. Those names and terms matter because they show where the chapter grounds its claims in books, annotations,",,,
1,Parry,'s relations with powerful courtiers and enemies. The point of reading it alongside the Dee primary-source su,,,
1,Parry,"gical claims became harder to defend.

Parry ends with reputation as a historical afterlife: the arch-conjuror labe",,,
1,Parry,t it explains how later religious politics helped harden Dee's image as dangerous conjuror. The chapter is the,,,
1,Parry,part of ordinary political and religious culture rather than an exotic deviation A World Full of Magic belongs,,,
1,Parry,magical danger. The point of reading it alongside the Dee primary-source summaries is that it explains how,,,
1,Parry,"ee corpus, the chapter's key terms are Elizabeth; dark arts; protection; Catholic plots; Walsingham; security",,,
1,Parry,"sh claims, navigation, and Elizabethan expansion. The point of reading it alongside the Dee primary-source su",,,
1,Parry,l danger of prognostication. it shows how magical expertise could become both useful and incriminating Conjuring th,,,
1,Parry,"rches, and European learned networks. That social motion is part of the intellectual history. Parry traces De",,,
1,Parry,shaping Dee's prospects. The chapter is therefore not just biographical narrative. It asks what sort of evid,,,
1,Parry,thematics and astrology as practical technologies of service The Rays of Celestial Virtue belongs to Glyn Parr,,,
1,Parry,"er, writer, political client, occult philosopher, imperial projector, courtier, or suspected conjuror.

The chapter sh",,,
1,Parry,"rather than vindicated.

The Markdown chunks for this section repeatedly foreground these local coordinates: al",,,
1,Parry,t of the intellectual history. Parry places Dee's occult career against changing religious and intellectual oppos,,,
1,Parry,e chapter's key terms are childhood; Catholicism; parish religion; Cambridge; Reformation; magic. They give readers,,,
1,Parry,"ound, Cambridge education, and early networks are presented as routes into service and learned ambition.

The Ma",,,
1,Parry,"is part of the intellectual history. Parry treats calendar reform as a political, religious, mathematical, and conf",,,
1,Parry,is part of the intellectual history. Parry traces Kelley's rise as alchemist and the shifting balance of p,,,
1,Parry,cal issue is that it explains how later religious politics helped harden Dee's image as dangerous conjuror. The cha,,,
1,Parry,"language. it connects the philosopher's stone to imperial counsel and coded writing More is hid, than uttered: The",,,
1,Parry,"on reading faces, rumors, and allegiances as much as books.

The chapter prepares for the increasingly dange",,,
1,Parry,court utility. The point of reading it alongside the Dee primary-source summaries is that it explains how,,,
1,Parry,"ting More is hid, than uttered: The Philosopher's Stone and Empire belongs to Glyn Parry's The Arch-Conjuror",,,
1,Parry,"e is that it integrates Dee's symbolic philosophy with alchemy, Christian kabbalah, and court ambition. The chap",,,
1,Parry,"ological concerns, and political caution narrowed the space for Dee's claims.

Parry shows that Dee's difficu",,,
1,Parry,"s career.

The historiographical issue is that it explains how reputation itself became a historical force in De",,,
1,Parry,"s.

For the larger John Dee corpus, the chapter's key terms are celestial rays; astrology; Mercator; Gemma Fr",,,
1,Parry,"ristian kabbalah, and court ambition. The chapter is therefore not just biographical narrative. It asks what sor",,,
1,Parry,"th, medicine, and sovereignty meet.

The Markdown chunks for this section repeatedly foreground these local co",,,
1,Parry,"family background, Cambridge education, and early networks are presented as routes into service and learned ambi",,,
1,Parry,"s.

For the larger John Dee corpus, the chapter's key terms are alchemical rivalry; credibility; patrons; fra",,,
1,Parry,"lt hostility.

Parry ties this protective role to the wider politics of plots, surveillance, and confessional",,,
1,Parry,e historiographical issue is that it places magic inside security politics and confessional fear. The chapter is th,,,
1,Parry,"he intellectual history. Parry interprets Laski's patronage and Dee's continental turn through prophecy, kingship",,,
1,Parry,"of Dee's career.

The historiographical issue is that it shows mathematical expertise entangled with churc",,,
1,Parry,"mines occult threats, protective counsel, and the politics of defending the queen from magical danger. it place",,,
1,Parry,schatological politics Called to a King's Office: Laski and the Second Coming belongs to Glyn Parry's The,,,
1,Parry,"nnects Dee's symbolic work to practical hopes for patronage and transmutation.

The Markdown chunks for this sect",,,
1,Parry,n Parry's The Arch-Conjuror of England: John Dee. The chapter's governing argument is: Parry reads the Monas Hi,,,
1,Parry,"s.

For the larger John Dee corpus, the chapter's key terms are rehabilitation; reputation; apology; patronag",,,
1,Parry,"rches, and European learned networks. That social motion is part of the intellectual history. Parry traces Ke",,,
1,Parry,"occult philosopher, imperial projector, courtier, or suspected conjuror.

The chapter interprets imperial argume",,,
1,Parry,"diction that could make Dee valuable to patrons.

Parry links technical skill to ambition, showing how mathemat",,,
1,Parry,t utility. it treats mathematics and astrology as practical technologies of service The Rays of Celestial Virtue belongs t,,,
1,Parry,se local coordinates: alchemy; Elizabeth; Kelley; Laski; Rudolf; conjuring; Monas; calendar; empire; Cath,,,
1,Parry,; Elizabeth; learned utility. They give readers a practical map for moving between the scholarly interpretation a,,,
1,Parry,"or, courtier, or suspected conjuror.

The chapter places Dee's technical competence within the fraught politic",,,
1,Parry,ted authority Chief Governor of our Philosophical proceedings belongs to Glyn Parry's The Arch-Conjuror of England: Joh,,,
1,Parry,Parry opens Dee's life inside a late medieval and Reformation world saturated w,,,
1,Parry,"he shifting balance of power between Kelley, Dee, and patrons. it explains the breakdown of Dee's authority as",,,
1,Parry,ense as a central practice in Dee's later career. The chapter is therefore not just biographical narrative. It,,,
1,Parry,er's governing argument is: Parry reads the Monas Hieroglyphica and related interests as a kabbalistic-alchemical att,,,
1,Parry,e in Dee's later career. The chapter is therefore not just biographical narrative. It asks what sort of evid,,,
1,Parry,for credibility and access. The point of reading it alongside the Dee primary-source summaries is that it expla,,,
1,Parry,"the primary-source pages on this site.

Use this chapter to read Dee's primary sources against Parry's more p",,,
1,Parry,"on amid demonology, exorcism controversy, and the narrowing legitimacy of spiritual intervention. The point of reading i",,,
1,Parry,acy. They give readers a practical map for moving between the scholarly interpretation and the primary-source p,,,
1,Parry,agical recovery project. The chapter is therefore not just biographical narrative. It asks what sort of evid,,,
1,Parry,"xplains Dee's early mathematical and astrological expertise through celestial influence, instruments, Louvain trainin",,,
1,Parry,cal force in Dee's life. The chapter is therefore not just biographical narrative. It asks what sort of evid,,,
1,Parry,"ore precarious.

Parry uses this shift to explain both the attraction and instability of the continental yea",,,
1,Parry,"occult philosopher, imperial projector, courtier, or suspected conjuror.

The chapter dwells on Dee's own claim",,,
1,Parry,and magical recovery project Recovering the Lost Empire belongs to Glyn Parry's The Arch-Conjuror of England: Joh,,,
1,Parry,ound these local coordinates: alchemy; Elizabeth; Cecil; conjuring; Monas; Catholic. Those names and term,,,
1,Parry,"part of the intellectual history. Parry connects magical suspicion, invasion fears, and Spanish politics in the cris",,,
1,Parry,"r suspected conjuror.

The chapter presents Dee's ambition to convert private expertise into a royal occult-int",,,
1,Parry,"er, writer, political client, occult philosopher, imperial projector, courtier, or suspected conjuror.

The chapter em",,,
1,Parry,"of Dee's career.

The historiographical issue is that it treats anti-magic reaction as a historical force",,,
1,Parry,"d: John Dee. The chapter's governing argument is: Parry follows Dee's early reputation for occult power, includin",,,
1,Parry,ted interests as a kabbalistic-alchemical attempt to decode creation's hidden structure. The point of reading,,,
1,Parry,al issue is that it reframes Dee's occultism as a proposed public service. The chapter is therefore not just biogra,,,
1,Parry,"occult power, including suspicion, imprisonment, and the political danger of prognostication. The point of",,,
1,Parry,"policy.

Parry uses the episode to show the risks of useful expertise in a divided Christian world.

The Mark",,,
1,Parry,"ost power and knowledge.

The Markdown chunks for this section repeatedly foreground these local coordinates: al",,,
1,Parry,"rger John Dee corpus, the chapter's key terms are Laski; second coming; prophecy; Poland; kingship; angel",,,
1,Parry,"occult philosopher, imperial projector, courtier, or suspected conjuror.

The chapter tracks Dee's attempts to r",,,
1,Parry,"er, writer, political client, occult philosopher, imperial projector, courtier, or suspected conjuror.

The chapter fo",,,
1,Parry,"lestial influence, instruments, Louvain training, and court utility. it treats mathematics and astrology as p",,,
1,Parry,"esiastical authority.

As exorcists and spiritual practitioners were demonized, Dee's angelic and magical claims becam",,,
1,Parry,e is that it shows occult accusation intersecting with national security and anti-Spanish fear. The chapter is th,,,
1,Parry,"l situation changes the meaning of Dee's career.

The historiographical issue is that it makes alchemy a social battlefie",,,
1,Parry,ows Dee's efforts to manage reputation and regain usefulness after suspicion and disappointment. The point of readin,,,
1,Parry,"or suspected conjuror.

The chapter uses biblical-political language to frame betrayal, counsel, and faction.

Dee's p",,,
1,Parry,ith powerful courtiers and enemies. it emphasizes the interpretive instability of court politics The winking eye of,,,
1,Parry,"ws that notoriety could both attract consultation and damage credibility.

The chapter is useful for understan",,,
1,Parry,"occult philosopher, imperial projector, courtier, or suspected conjuror.

The chapter treats the Monad as a conc",,,
1,Parry,"y useful to monarchy, reform, and national power. it reframes Dee's occultism as a proposed public service A Ro",,,
1,Parry,f the intellectual history. Parry reads the Monas Hieroglyphica and related interests as a kabbalistic-alchemical att,,,
1,Parry,"er, writer, political client, occult philosopher, imperial projector, courtier, or suspected conjuror.

The chapter ma",,,
1,Parry,"s.

For the larger John Dee corpus, the chapter's key terms are Spanish conquest; Armada; invasion; magic; se",,,
1,Parry,the crisis years of Elizabeth's reign. The point of reading it alongside the Dee primary-source summaries is,,,
1,Parry,proposed public service. The chapter is therefore not just biographical narrative. It asks what sort of evid,,,
1,Parry,"and instrument-makers.

Astrology is not treated as mere superstition; it is a language of celestial causa",,,
1,Parry,"or, courtier, or suspected conjuror.

The chapter locates Dee among European mathematical practitioners and ins",,,
1,Parry,ound these local coordinates: alchemy; Elizabeth; Cecil; conjuring; Catholic. Those names and terms matte,,,
1,Parry,is that it makes magic part of ordinary political and religious culture rather than an exotic deviation. The chap,,,
1,Parry,"en counsel and crime could be thin.

The Markdown chunks for this section repeatedly foreground these local co",,,
1,Parry,"ce as institutionally useful to monarchy, reform, and national power. it reframes Dee's occultism as a proposed",,,
1,Parry,"l situation changes the meaning of Dee's career.

The historiographical issue is that it explains the breakdown of Dee's",,,
1,Parry,"conjuror.

Parry begins with Dee's formation in a world where candles, saints, images, astrology, and learned o",,,
1,Parry,"s.

For the larger John Dee corpus, the chapter's key terms are anti-magic; Counter-Reformation; demonology;",,,
1,Parry,"dibility.

Parry emphasizes the need to translate occult expertise into acceptable service.

The Apologetical Letter",,,
1,Parry,ocial motion is part of the intellectual history. Parry interprets Dee's Manchester appointment as a form of margina,,,
1,Parry,"rger John Dee corpus, the chapter's key terms are Kelley; angels; philosophical proceedings; scrying; auth",,,
1,Parry,"nous imagination.

Parry uses the episode to show that the boundary between counsel and crime could be thin.",,,
1,Parry,instruments; court expertise. They give readers a practical map for moving between the scholarly interpretation a,,,
1,Parry,oriographical issue is that it shows mathematical expertise entangled with church politics and international reform. Th,,,
1,Parry,ound these local coordinates: alchemy; Elizabeth; Cecil; Kelley; Rudolf; conjuring; Monas; calendar; Manc,,,
1,Parry,efending the queen from magical danger. it places magic inside security politics and confessional fear Defending,,,
1,Parry,"occult philosopher, imperial projector, courtier, or suspected conjuror.

Parry begins with Dee's formation in a",,,
1,Parry,s of service The Rays of Celestial Virtue belongs to Glyn Parry's The Arch-Conjuror of England: John Dee. T,,,
1,Parry,The chapter's governing argument is: Parry reads factional politics and coded suspicion through Dee's relations with,,,
1,Parry,n through Dee's relations with powerful courtiers and enemies. it emphasizes the interpretive instability of co,,,
1,Parry,gic; Counter-Reformation; demonology; skepticism; religious reaction. They give readers a practical map for moving bet,,,
1,Parry,"al, and magical assumptions. The point of reading it alongside the Dee primary-source summaries is that it expla",,,
1,Parry,"e meaning of Dee's career.

The historiographical issue is that it shows occult accusation intersecting with",,,
1,Parry,"ectual history. Parry connects magical suspicion, invasion fears, and Spanish politics in the crisis years of Eliz",,,
1,Parry,and contested authority. The chapter is therefore not just biographical narrative. It asks what sort of evid,,,
1,Parry,the breakdown of Dee's authority as Kelley gains independent value. The chapter is therefore not just biographical n,,,
1,Parry,"e's reputation in the politics of invasion fear.

Occult knowledge could be associated with foreign plots or protect",,,
1,Parry,"or protective counter-measures.

Parry highlights the pressure placed on ambiguous experts during wartime crisis",,,
1,Parry,"er and unstable collaborator.

Dee tries to order the proceedings through prayer, record, and obedience.

Parry hig",,,
1,Parry,of the intellectual history. Parry explains Dee's early mathematical and astrological expertise through celestial infl,,,
1,Parry,The historiographical issue is that it shows self-defense as a central practice in Dee's later career. The cha,,,
1,Parry,"e, and patrons. The point of reading it alongside the Dee primary-source summaries is that it explains how",,,
1,Parry,"e larger John Dee corpus, the chapter's key terms are exorcism; demonology; Whitgift; Darrell; late Elizabethan",,,
1,Parry,ority; Trebona. They give readers a practical map for moving between the scholarly interpretation and the prim,,,
1,Parry,"e meaning of Dee's career.

The historiographical issue is that it makes magic part of ordinary political an",,,
1,Parry,"argues that Dee imagined learned occult practice as institutionally useful to monarchy, reform, and national power. T",,,
1,Parry,"courts, churches, and European learned networks. That social motion is part of the intellectual history. Parry",,,
1,Parry,symbol; philosopher's stone. They give readers a practical map for moving between the scholarly interpretation a,,,
1,Parry,arry interprets Dee's Manchester appointment as a form of marginalization as well as employment. it makes e,,,
1,Parry,The chapter's governing argument is: Parry reads the Monas Hieroglyphica and related interests as a kabbalis,,,
1,Parry,tions within political and navigational language. it connects the philosopher's stone to imperial counsel and c,,,
1,Parry,ee's imperial writings hide alchemical and occult ambitions within political and navigational language. The point of,,,
1,Parry,"to convert private expertise into a royal occult-intellectual institution.

Parry emphasizes Dee's desire for official reco",,,
1,Parry,"e a late medieval and Reformation world saturated with sacramental, astrological, and magical assumptions. it makes",,,
1,Parry,"xorcism controversy, and the narrowing legitimacy of spiritual intervention. it explains how later religious pol",,,
1,Parry,"ent, and the political danger of prognostication. The point of reading it alongside the Dee primary-source su",,,
1,Parry,"s career.

The historiographical issue is that it treats the angel conversations as a project managed through",,,
1,Parry,"pertise through celestial influence, instruments, Louvain training, and court utility. The point of reading it along",,,
1,Parry,hemical and occult ambitions within political and navigational language. it connects the philosopher's stone to imperial,,,
1,Parry,"ine mission could merge.

The Markdown chunks for this section repeatedly foreground these local coordinates: al",,,
1,Parry,"mical promise.

As Kelley's prestige rises, Dee's dependence becomes more precarious.

Parry uses this shift to explai",,,
1,Parry,"cal worlds.

The Markdown chunks for this section repeatedly foreground these local coordinates: alchemy; Elizabeth; Ceci",,,
1,Parry,"ning argument is: Parry closes by situating Dee's final reputation amid demonology, exorcism controversy, and the na",,,
1,Parry,quences of being known for hidden arts. The point of reading it alongside the Dee primary-source summaries is,,,
1,Parry,mical biography. This means the chapter should be used as an interpretive guide rather than as a replacemen,,,
1,Parry,Dee's growing public reputation as a conjuror and the social consequences of being known for hidden arts. it e,,,
1,Parry,"rial projector, courtier, or suspected conjuror.

The chapter links Dee's fate to broader controversies over sp",,,
1,Parry,"ressures, or court politics.

For the larger John Dee corpus, the chapter's key terms are Spanish conquest; Ar",,,
1,Parry,"terlife: the arch-conjuror label survives because religious and political culture made it useful.

The Markdown c",,,
1,Parry,n Parry's The Arch-Conjuror of England: John Dee. The chapter's governing argument is: Parry closes by situatin,,,
1,Parry,experimental hope around the philosopher's stone. it presents alchemy as a courtly and political pursuit rather,,,
1,Parry,European learned networks. That social motion is part of the intellectual history. Parry treats calendar r,,,
1,Parry,"se into a royal occult-intellectual institution.

Parry emphasizes Dee's desire for official recognition and stable",,,
1,Parry,ional language. The point of reading it alongside the Dee primary-source summaries is that it explains how,,,
1,Parry,n Parry's The Arch-Conjuror of England: John Dee. The chapter's governing argument is: Parry argues that Dee im,,,
1,Parry,ngs to Glyn Parry's The Arch-Conjuror of England: John Dee. The chapter's governing argument is: Parry place,,,
1,Parry,"ual history. Parry connects Dee's imperial vision to recovery of ancient British claims, navigation, and Elizab",,,
1,Parry,ical proceedings belongs to Glyn Parry's The Arch-Conjuror of England: John Dee. The chapter's governing argume,,,
1,Parry,ee's occult career against changing religious and intellectual opposition to magical practice. it treats anti-magic reactio,,,
1,Parry,"e larger John Dee corpus, the chapter's key terms are reputation; conjuror; suspicion; learned magic; public image",,,
1,Parry,tone; alchemy; patrons; Elizabeth; transmutation. They give readers a practical map for moving between the sc,,,
1,Parry,"s, Louvain training, and court utility. it treats mathematics and astrology as practical technologies of service Th",,,
1,Parry,"knowledge.

The Markdown chunks for this section repeatedly foreground these local coordinates: alchemy; Elizabeth; Ceci",,,
1,Parry,i-Spanish fear. The chapter is therefore not just biographical narrative. It asks what sort of evidence historians should,,,
1,Parry,te; monarchy; reform; Elizabeth; learned utility. They give readers a practical map for moving between the sc,,,
1,Parry,"l situation changes the meaning of Dee's career.

The historiographical issue is that it treats anti-magic reaction as a",,,
1,Parry,ion; reputation; late career. They give readers a practical map for moving between the scholarly interpretation a,,,
1,Parry,"pisode to show the risks of useful expertise in a divided Christian world.

The Markdown chunks for this section repe",,,
1,Parry,"of Dee's career.

The historiographical issue is that it links Dee's angelic project to dynastic ambition",,,
1,Parry,"sion, and ecclesiastical authority.

As exorcists and spiritual practitioners were demonized, Dee's angelic and m",,,
1,Parry,"s.

For the larger John Dee corpus, the chapter's key terms are Elizabeth; dark arts; protection; Catholic pl",,,
1,Parry,tion as a conjuror and the social consequences of being known for hidden arts. it explains how reputation itsel,,,
1,Parry,"suspicion, imprisonment, and the political danger of prognostication. it shows how magical expertise could become both",,,
1,Parry,litics and international reform Misbegotten time: Reforming the Calendar belongs to Glyn Parry's The Arch-Conjuro,,,
1,Parry,"e larger John Dee corpus, the chapter's key terms are celestial rays; astrology; Mercator; Gemma Frisius; instrum",,,
1,Parry,ility of court politics. The chapter is therefore not just biographical narrative. It asks what sort of evid,,,
1,Parry,"s.

For the larger John Dee corpus, the chapter's key terms are calendar reform; time; mathematics; confessio",,,
1,Parry,ms are celestial rays; astrology; Mercator; Gemma Frisius; instruments; court expertise. They give readers,,,
1,Parry,"over name and authority.

The Markdown chunks for this section repeatedly foreground these local coordinates: El",,,
1,Parry,"ivine creation.

The argument also connects Dee's symbolic work to practical hopes for patronage and transmutatio",,,
1,Parry,s and confessional fear. The chapter is therefore not just biographical narrative. It asks what sort of evid,,,
1,Parry,r; Elizabeth; suspicion; imprisonment; astrology. They give readers a practical map for moving between the sc,,,
1,Parry,"nvasion fears, and Spanish politics in the crisis years of Elizabeth's reign. The point of reading it alongs",,,
1,Parry,"of Dee's career.

The historiographical issue is that it integrates Dee's symbolic philosophy with alchemy",,,
1,Parry,"ory. Parry interprets Laski's patronage and Dee's continental turn through prophecy, kingship, and apocalyptic expec",,,
1,Parry,ourt expertise. They give readers a practical map for moving between the scholarly interpretation and the prim,,,
1,Parry,European learned networks. That social motion is part of the intellectual history. Parry closes by situati,,,
1,Parry,ch politics and international reform. The chapter is therefore not just biographical narrative. It asks what sor,,,
1,Parry,"narrowed the space for Dee's claims.

Parry shows that Dee's difficulties were not only personal failures bu",,,
1,Parry,"ibility.

The chapter is useful for understanding why Dee later had to defend his name so insistently.

The",,,
1,Parry,"pus, the chapter's key terms are Kelley; alchemy; Rudolf II; patronage; Trebona; philosopher's stone. They gi",,,
1,Parry,e narrowing legitimacy of spiritual intervention. it explains how later religious politics helped harden Dee's,,,
1,Parry,"osing or countering occult hostility.

Parry ties this protective role to the wider politics of plots, surveillance",,,
1,Parry,. it explains the breakdown of Dee's authority as Kelley gains independent value The Magnificent Master Al,,,
1,Parry,"rial planning becomes another expression of Dee's desire to recover lost power and knowledge.

The Markdown c",,,
1,Parry,"d, Dee's angelic and magical claims became harder to defend.

Parry ends with reputation as a historical afte",,,
1,Parry,"of Dee's career.

The historiographical issue is that it explains how reputation itself became a historica",,,
1,Parry,"nfessional pressures, or court politics.

For the larger John Dee corpus, the chapter's key terms are royal ser",,,
1,Parry,"e larger John Dee corpus, the chapter's key terms are anti-magic; Counter-Reformation; demonology; skepticis",,,
1,Parry,"Dee later had to defend his name so insistently.

The Markdown chunks for this section repeatedly foreground the",,,
1,Parry,ational reform. The chapter is therefore not just biographical narrative. It asks what sort of evidence historians should,,,
1,Parry,"ce and learned ambition.

The Markdown chunks for this section repeatedly foreground these local coordinates: al",,,
1,Parry,"Parry uses conflict to show how occult knowledge depended on trust and sponsorship.

The Markdown chunks for t",,,
1,Parry,"of Dee's career.

The historiographical issue is that it reframes Dee's occultism as a proposed public ser",,,
1,Parry,ee's occult career against changing religious and intellectual opposition to magical practice. The point of reading it alon,,,
1,Parry,ey terms are celestial rays; astrology; Mercator; Gemma Frisius; instruments; court expertise. They give readers,,,
1,Parry,"of Dee's career.

The historiographical issue is that it emphasizes the interpretive instability of court",,,
1,Parry,ng Dee's prospects The Counter-Revolution Against Magic belongs to Glyn Parry's The Arch-Conjuror of England: Joh,,,
1,Parry,"l situation changes the meaning of Dee's career.

The historiographical issue is that it explains how later religious pol",,,
1,Parry,"y a social battlefield of expertise, fraud, hope, and patronage. The chapter is therefore not just biographical n",,,
1,Parry,tional politics and coded suspicion through Dee's relations with powerful courtiers and enemies. it emphasizes the,,,
1,Parry,"conjuror.

The chapter embeds Dee's reputation in the politics of invasion fear.

Occult knowledge could be asso",,,
1,Parry,"Dee's life inside a late medieval and Reformation world saturated with sacramental, astrological, and magical assum",,,
1,Parry,"o imperial counsel and coded writing More is hid, than uttered: The Philosopher's Stone and Empire belongs to Gl",,,
1,Parry,"or.

The chapter follows the making of the label 'great conjuror'.

Parry shows that notoriety could both attract",,,
1,Parry,"a form of marginalization as well as employment. it makes exile, office, and reputation part of the endgame",,,
1,Parry,"expertise, fraud, hope, and patronage War Amongst the Alchemists belongs to Glyn Parry's The Arch-Conjuror of Engl",,,
1,Parry,hapter's key terms are celestial rays; astrology; Mercator; Gemma Frisius; instruments; court expertise. The,,,
1,Parry,gical practice. The point of reading it alongside the Dee primary-source summaries is that it explains how,,,
1,Parry,"of Dee's career.

The historiographical issue is that it reads empire as a historical and magical recovery",,,
1,Parry,tion; antiquarian history; Elizabethan expansion. They give readers a practical map for moving between the sc,,,
1,Parry,raphical issue is that it shows self-defense as a central practice in Dee's later career. The chapter is therefore n,,,
1,Parry,"uous experts during wartime crisis.

The Markdown chunks for this section repeatedly foreground these local co",,,
1,Parry,it treats mathematics and astrology as practical technologies of service. The chapter is therefore not just biogra,,,
1,Parry,ester appointment as a form of marginalization as well as employment. The point of reading it alongside the,,,
1,Parry,"and rivals competing for credibility and access. it makes alchemy a social battlefield of expertise, fraud,",,,
1,Parry,zabeth; papacy. They give readers a practical map for moving between the scholarly interpretation and the prim,,,
1,Parry,ster; exile; warden; marginalization; reputation; late career. They give readers a practical map for moving bet,,,
1,Parry,itating The Arch-Conjuror belongs to Glyn Parry's The Arch-Conjuror of England: John Dee. The chapter's gove,,,
1,Parry,"pected conjuror.

The chapter emphasizes Kelley's role as indispensable seer and unstable collaborator.

De",,,
1,Parry,"of celestial causation and prediction that could make Dee valuable to patrons.

Parry links technical skill",,,
1,Parry,ound these local coordinates: alchemy; Elizabeth; Cecil; Kelley; Laski; conjuring; Monas; calendar; empir,,,
1,Parry,"of Dee's career.

The historiographical issue is that it shows self-defense as a central practice in Dee's",,,
1,Parry,Arch-Conjuror of England: John Dee. The chapter's governing argument is: Parry opens Dee's life inside a late medieval,,,
1,Parry,"ted as routes into service and learned ambition.

The Markdown chunks for this section repeatedly foreground the",,,
1,Parry,r religious politics helped harden Dee's image as dangerous conjuror. The chapter is therefore not just biographical n,,,
1,Parry,"s career.

The historiographical issue is that it makes magic part of ordinary political and religious culture",,,
1,Parry,"y-source pages on this site.

Use this chapter to read Dee's primary sources against Parry's more political,",,,
1,Parry,"nt also connects Dee's symbolic work to practical hopes for patronage and transmutation.

The Markdown chunks",,,
1,Parry,apter's governing argument is: Parry traces Dee's growing public reputation as a conjuror and the social consequen,,,
1,Parry,"stability of the continental years.

The Markdown chunks for this section repeatedly foreground these local co",,,
1,Parry,"olitical, confessional, and alchemical biography. This means the chapter should be used as an interpretive gui",,,
1,Parry,ical assumptions. it makes magic part of ordinary political and religious culture rather than an exotic deviation,,,
1,Parry,ns with powerful courtiers and enemies. The point of reading it alongside the Dee primary-source summaries is,,,
1,Parry,"ocial motion is part of the intellectual history. Parry reconstructs conflict among alchemical practitioners, patrons,",,,
1,Parry,"llectual history. Parry closes by situating Dee's final reputation amid demonology, exorcism controversy, and the na",,,
1,Parry,han an exotic deviation. The chapter is therefore not just biographical narrative. It asks what sort of evid,,,
1,Parry,ound these local coordinates: alchemy; Elizabeth; Cecil; Monas; Catholic. Those names and terms matter be,,,
1,Parry,"or.

The chapter uses biblical-political language to frame betrayal, counsel, and faction.

Dee's position d",,,
1,Parry,the political danger of prognostication. it shows how magical expertise could become both useful and incriminat,,,
1,Parry,"rial projector, courtier, or suspected conjuror.

The chapter emphasizes Kelley's role as indispensable seer an",,,
1,Parry,"r, or suspected conjuror.

The chapter shows that alchemical claims were contested inside networks of practitioners.",,,
1,Parry,"court politics.

For the larger John Dee corpus, the chapter's key terms are celestial rays; astrology; Mercat",,,
